Codigo_SIGMA,Sector,Ubicacion,Maquina,Modelo,Fabricante,Anio
BV-CAL-BOMBAPLA-001,Caldera,Bomba de Agua Tratada,Bomba Planta Osmosis,Desconocido,,
BV-CAL-BOMBADEA-001,Caldera,Bombas de Alimentacíon,Bomba de Alimentación N° 1,KSB Multitec C100-6,,
BV-CAL-BOMBADEA-002,Caldera,Bombas de Alimentacíon,Bomba de Alimentación N° 1 HPB,KSB Multitec C100-6,,
BV-CAL-BOMBADEA-003,Caldera,Bombas de Alimentacíon,Bomba de Alimentación N° 2 HPB,KSB Multitec C100-6,,
BV-CAL-BOMBADEA-004,Caldera,Bombas de Alimentacíon,Bomba de Alimentación N° 2,kSB WL 80-6,,
BV-CAL-BOMBADEA-005,Caldera,Bombas de Alimentacíon,Bomba de Alimentación N° 3,kSB WL 80-6,,
BV-CAL-BOMBADEA-006,Caldera,Bombas de Alimentacíon,Bomba de Alimentación N° 4,kSB WL 80-6,,
BV-CAL-GUSANODE-001,Caldera,Caldera HPB,Gusano de Ceniza,Desconocido,,
BV-CAL-COMPRESO-001,Caldera,Compresor Calderas,Compresor,TCG 416,,
BV-CAL-BOMBADES-001,Caldera,Gusano Economizador HPB,Bomba Dessol Este,Serie: Q-2P 60HP,,
BV-CAL-BOMBADES-002,Caldera,Gusano Economizador HPB,Bomba Dessol Oeste,Serie :Q -2P 10 HP,,
BV-CAL-BOMBADEC-001,Caldera,Lavado de Gases CAREN,Bomba de Ceniza BSI Este,BSI FVA 150-125-315,,
BV-CAL-BOMBADEC-002,Caldera,Lavado de Gases CAREN,Bomba de Ceniza BSI Oeste,BSI FVA 150-125-315,,
BV-CAL-BOMBADEC-003,Caldera,Lavado de Gases FOSTER,Bomba de Ceniza BSI Norte,BSI FVA 150-125-315,,
BV-CAL-BOMBADEC-004,Caldera,Lavado de Gases FOSTER,Bomba de Ceniza BSI Sur,BSI FVA 150-125-315,,
BV-CAL-BOMBADEC-005,Caldera,Lavado de Gases HPB,Bomba de Ceniza BSI Norte 1,BSI FVA 150-125-315,,
BV-CAL-BOMBADEC-006,Caldera,Lavado de Gases HPB,Bomba de Ceniza BSI Norte 2,BSI FVA 150-125-315,,
BV-CAL-BOMBADEB-001,Caldera,Pileton de Ceniza,Bomba de Barro BSI Norte,BSI FVA 150-125-315,,
BV-CAL-BOMBADEB-002,Caldera,Pileton de Ceniza,Bomba de Barro BSI Sur,BSI FVA 150-125-315,,
BV-CAL-BOMBADEC-007,Caldera,Recuperación de Agua de Lavado,Bomba de Ceniza BSI Central,BSI FVA 200-150-400,,
BV-CAL-BOMBADEC-008,Caldera,Recuperación de Agua de Lavado,Bomba de Ceniza BSI Sur,BSI FVA 200-150-400,,
BV-CAL-TURBOCAP-001,Caldera,Turbo Bomba,Turbo Capus Este,Regulador T.G. 10,,
BV-CAL-TURBOCAP-002,Caldera,Turbo Bomba,Turbo Capus Este,COPUS,,
BV-CAL-TURBOCOP-001,Caldera,Turbo Bomba,Turbo Copus Oeste,COPUS,,
BV-CAL-TURBOCOP-002,Caldera,Turbo Bomba,Turbo Copus Oeste (Lado Manchon),COPUS,,
BV-CAL-BOMBADEA-007,Caldera,Turbo Bomba,Bomba de Alimentación Turbo Este,KSB WL 80-6,,
BV-CAL-BOMBADEA-008,Caldera,Turbo Bomba,Bomba de Alimentación Turbo Oeste,KSB WL 80-6,,
BV-CAL-BOMBADEA-009,Caldera,Tanque de Agua de Reseva,Bomba de Agua de Tanque de Reserva Norte,CSB 80-20,,
BV-CAL-BOMBADEA-010,Caldera,Tanque de Agua de Reseva,Bomba de Agua de Tanque de Reserva Norte,KSB 100-40,,
BV-CAN-TURBINAT-001,Canchón,1ra. Cuchilla,Turbina TGM,CPC,,
BV-CAN-TURBINAT-002,Canchón,1ra. Cuchilla,Turbina TGM,Tipo: SZNT - 360; Serie: 8883-10/01,,
BV-CAN-REDUCTOR-001,Canchón,1ra. Cuchilla,Reductor de Alta Flender,Tipo: SZNT - 360; Serie: 8883-10/01,,
BV-CAN-ROTOR1RA-001,Canchón,1ra. Cuchilla,Rotor 1ra. Cuchillas,,,
BV-CAN-TURBINAT-003,Canchón,1ra. Cuchilla,Turbina TGM,Servomotor,,
BV-CAN-TURBINAT-004,Canchón,1ra. Cuchilla,Turbina TGM,TMFLEX 2000 - Año 2007 (OS 40695),,
BV-CAN-TURBINAT-005,Canchón,1ra. Cuchilla,Turbina TGM,,,
BV-CAN-TRASMISI-001,Canchón,Conductora Auxiliar,Trasmision correa,,,
BV-CAN-TRASMISI-002,Canchón,Conductora Auxiliar,Trasmision correa eje de mando,,,
BV-CAN-BOMBADES-001,Canchón,Desagote Conductora Auxiliar,Bomba Desagote,BSI VLN,,
BV-CAN-ROTORDES-001,Canchón,Desfibrador,Rotor Desfibrador,,,
BV-CAN-TURBINAT-006,Canchón,Desfibrador,Turbina TGM,TM 2000 - Año 2005 (OS 40520),,
BV-CAN-CUSHCUSH-001,Canchón,Mesa de Caña larga,Cush-Cush,,,
BV-EFL-COMPRESO-001,Efluente,Acequia,Compresor,Kaeser,,
BV-FAB-BOMBADEA-001,Fábrica,Agua Caliente Norte,Bomba de Agua Caliente Norte N° 1,KSB ETA 80-40,,
BV-FAB-BOMBADEA-002,Fábrica,Agua Caliente Norte,Bomba de Agua Caliente Norte N° 2,KSB Mega Norm 80-315,,
BV-FAB-BOMBADEA-003,Fábrica,Agua Caliente Norte,Bomba de Agua Caliente Norte N° 3,KSB Mega Norm 80-315,,
BV-FAB-BOMBADEA-004,Fábrica,Agua Caliente Sur,Bomba de Agua Caliente Sur N° 1,KSB ETA 80-40,,
BV-FAB-BOMBADEA-005,Fábrica,Agua Caliente Sur,Bomba de Agua Caliente Sur N° 2,KSB ETA 80-40,,
BV-FAB-BOMBADEA-006,Fábrica,Agua Caliente Sur,Bomba de Agua Caliente Sur N° 3,KSB Mega Norm 50-315,,
BV-FAB-BOMBADEA-007,Fábrica,Agua Caliente Sur,Bomba de Agua Caliente Sur N° 4,KSB Mega Norm 50-315,,
BV-FAB-BOMANEMO-001,Fábrica,Cachaza,Boma Nemo Cachaza,,,
BV-FAB-BOMBALAV-001,Fábrica,Calicanto de Melaza,Bomba Lavado de Fábrica,KSB KWKS 200-34,,
BV-FAB-BOMBANEM-001,Fábrica,Calicanto de Melaza,Bomba Nemo Calicanto Este,NM076BT01L06J,,
BV-FAB-BOMBANEM-002,Fábrica,Calicanto de Melaza,Bomba Nemo Calicanto Oeste,NM076BT01L06J,,
BV-FAB-CENTRIFU-001,Fábrica,Centrífugas Automáticas,Centrífuga Silver Weibull N° 1,SW 1500/EG  N° 2536,,
BV-FAB-CENTRIFU-002,Fábrica,Centrífugas Automáticas,Centrífuga Silver Weibull N° 2,SW 1500/EG  N° 2536,,
BV-FAB-CENTRIFU-003,Fábrica,Centrífugas Automáticas,Centrífuga Silver Weibull N° 3,SW 1500/EG  N° 2536,,
BV-FAB-CENTRIFU-004,Fábrica,Centrífugas Automáticas,Centrífuga Silver Weibull N° 4,SW 1500/EG  N° 2536,,
BV-FAB-CENTRIFU-005,Fábrica,Centrífugas Automáticas,Centrífuga Silver Weibull N° 5,SW 1500/EG  N° 2536,,
BV-FAB-CENTRIFU-006,Fábrica,Centrífugas Automáticas,Centrífuga Silver Weibull N° 6,SW 1500/EG  N° 2536,,
BV-FAB-CENTRIFU-007,Fábrica,Centrífugas Automáticas,Centrífuga Silver Weibull N° 7,SW 1500/EG  N° 2536,,
BV-FAB-CENTRIFU-008,Fábrica,Centrífugas Contínuas de 3ra.,Centrífuga Vetek,Vetek 14,,
BV-FAB-CENTRIFU-009,Fábrica,Centrífugas Contínuas de 3ra.,Centrífuga Vetek,Vetek 14 Cabezal Inferior,,
BV-FAB-CENTRIFU-010,Fábrica,Centrífugas Contínuas de 3ra.,Centrífuga Silver Weibull (Afinación),SW 1320 3ra,,
BV-FAB-CENTRIFU-011,Fábrica,Centrífugas Contínuas de 3ra.,Centrífuga Silver Weibull (Afinación),SW 1320 3ra.- Eje Cabezal,,
BV-FAB-CENTRIFU-012,Fábrica,Centrífugas Contínuas de 3ra.,Centrífuga Silver Weibull (Afinación),SW 1320 3ra. - Eje Cabezal,,
BV-FAB-CENTRIFU-013,Fábrica,Centrífugas Contínuas de 3ra.,Centrífuga Silver Weibull (Afinación),SW 1320 3ra - Eje Cabezal,,
BV-FAB-CENTRIFU-014,Fábrica,Centrífugas Contínuas de 3ra.,Centrífuga Silver Weibull N° 1,SW 1320 3ra,,
BV-FAB-CENTRIFU-015,Fábrica,Centrífugas Contínuas de 3ra.,Centrífuga Silver Weibull N° 1,SW 1320 3ra.- Eje Cabezal,,
BV-FAB-CENTRIFU-016,Fábrica,Centrífugas Contínuas de 3ra.,Centrífuga Silver Weibull N° 1,SW 1320 3ra. - Eje Cabezal,,
BV-FAB-CENTRIFU-017,Fábrica,Centrífugas Contínuas de 3ra.,Centrífuga Silver Weibull N° 1,SW 1320 3ra - Eje Cabezal,,
BV-FAB-CENTRIFU-018,Fábrica,Centrífugas Contínuas de 3ra.,Centrífuga Silver Weibull N° 2,SW 1320 3ra,,
BV-FAB-CENTRIFU-019,Fábrica,Centrífugas Contínuas de 3ra.,Centrífuga Silver Weibull N° 2,SW 1320 3ra.- Eje Cabezal,,
BV-FAB-CENTRIFU-020,Fábrica,Centrífugas Contínuas de 3ra.,Centrífuga Silver Weibull N° 2,SW 1320 3ra. - Eje Cabezal,,
BV-FAB-CENTRIFU-021,Fábrica,Centrífugas Contínuas de 3ra.,Centrífuga Silver Weibull N° 2,SW 1320 3ra - Eje Cabezal,,
BV-FAB-CRISTALI-001,Fábrica,Cocimiento,Cristalizador / Tacho de Cocimiento,,,
BV-FAB-BOMBACOL-001,Fábrica,Columna Barométrica,Bomba Columna Barométrica Nº1,KSB ETA 250-40,,
BV-FAB-BOMBACOL-002,Fábrica,Columna Barométrica,Bomba Columna Barométrica Nº2,KSB ETA 250-40,,
BV-FAB-BOMBACOL-003,Fábrica,Columna Barométrica,Bomba Columna Barométrica Nº3,KSB ETA 250-40,,
BV-FAB-BOMBACOL-004,Fábrica,Columna Barométrica,Bomba Columna Barométrica Nº4,KSB ETA 250-40,,
BV-FAB-BOMBACOL-005,Fábrica,Columna Barométrica,Bomba Columna Barométrica Nº5,KSB ETA 250-40,,
BV-FAB-BOMBABSI-001,Fábrica,Decantador N° 4,Bomba BSI Liquid. Decantantador N° 4,BSI FVA 200-150-315,,
BV-FAB-BOMBANEM-003,Fábrica,Decantador N° 4,Bomba Nemo Decantador N° 4 Norte,NM 105SY01L07J,,
BV-FAB-BOMBANEM-004,Fábrica,Decantador N° 4,Bomba Nemo Decantador N° 4 Sur,NM 105SY01L07J,,
BV-FAB-BOMBALIQ-001,Fábrica,Decantadores,Bomba Liquidación Fábrica,KSB KWKS 150-25,,
BV-FAB-CINTACAR-001,Fábrica,Depósito de Azúcar,Cinta Cargadora,,,
BV-FAB-PALETIZA-001,Fábrica,Depósito de Azúcar,Paletizadora,,,
BV-FAB-BOMBANEM-005,Fábrica,Dosificador de Floculante Filtro Norte Entrepiso,Bomba Nemo Floculante Norte,NM038BY01L06B,,
BV-FAB-BOMBANEM-006,Fábrica,Dosificador de Floculante Filtro Norte Entrepiso,Bomba Nemo Floculante Sur,NM038BY01L06B,,
BV-FAB-BOMBAFLO-001,Fábrica,Dosificador de Floculante Tanque Cachaza,Bomba Floculante Cachaza,,,
BV-FAB-ELEVADOR-001,Fábrica,Embolsado,Elevador Silo a Tolva Central,,,
BV-FAB-ELEVADOR-002,Fábrica,Embolsado,Elevador Silo a Tolva Norte,,,
BV-FAB-ELEVADOR-003,Fábrica,Embolsado,Elevador Silo a Tolva Sur,,,
BV-FAB-AGITADOR-001,Fábrica,Encalado,Agitador Tanque de Cal,,,
BV-FAB-BOMBADEL-001,Fábrica,Encalado,Bomba de Lechada de Cal Este,WORTHINGTON,,
BV-FAB-BOMBADEL-002,Fábrica,Encalado,Bomba de Lechada de Cal Oeste,RUHRPUMPEN (SHR 001),,
BV-FAB-BOMBADEL-003,Fábrica,Encalado,Bomba de Lechada de Cal Repuesto,RUHRPUMPEN (SHR 001),,
BV-FAB-REDMEZCL-001,Fábrica,Encalado,Red. Mezclador de Cal Exterior,,,
BV-FAB-BOMBADEV-001,Fábrica,Evaporación,Bomba de Vacío Evap. N°1 (Baromet.- Sur),ANDEANI (A2),,
BV-FAB-BOMBADEV-002,Fábrica,Evaporación,Bomba de Vacío Evap. N°2 (Baromet.- Norte),ANDEANI (A2),,
BV-FAB-BOMBADEV-003,Fábrica,Evaporación,Bomba de Vacío Evap. N°3 (Usina-Sur),ANDEANI (A2),,
BV-FAB-BOMBADEV-004,Fábrica,Evaporación,Bomba de Vacío Evap. N°4 (Usina-Norte),ANDEANI (A2),,
BV-FAB-BOMBADEV-005,Fábrica,Evaporación,Bomba de Vacío Evap. N°5 (Pasillo),ANDEANI (A2),,
BV-FAB-BOMBADET-001,Fábrica,Evaporacion Entrepiso,Bomba de Traspaso de Cajas Norte,KSB ETA 150-33,,
BV-FAB-BOMBADET-002,Fábrica,Evaporacion Entrepiso,Bomba de Traspaso de Cajas Sur,KSB ETA 150-33,,
BV-FAB-BOMBAVAC-001,Fábrica,Filtro de Cachaza,Bomba Vacío Filtros de Cachaza Norte,ANDEANI (A1),,
BV-FAB-BOMBAVAC-002,Fábrica,Filtro de Cachaza,Bomba Vacío Filtros de Cachaza Sur,ANDEANI (A1),,
BV-FAB-FILTRODE-001,Fábrica,Filtro de Cachaza,Filtro de Banda Norte,,,
BV-FAB-FILTRODE-002,Fábrica,Filtro de Cachaza,Filtro de Banda Sur,,,
BV-FAB-ACCIONAM-001,Fábrica,Jarabe de Segunda,Accionam. Mezclad. Jarabe 2da.,,,
BV-FAB-BOMBADEJ-001,Fábrica,Jarabe de Segunda,Bomba de Jarabe Este,KSB ETA 100-40,,
BV-FAB-BOMBADEJ-002,Fábrica,Jarabe de Segunda,Bomba de Jarabe Oeste,BSI ESP 80-400,,
BV-FAB-BOMBACLA-001,Fábrica,Jugo Clarificado,Bomba Clarificado Central,KSB ETA 150-50,,
BV-FAB-BOMBACLA-002,Fábrica,Jugo Clarificado,Bomba Clarificado Norte,KSB ETA 150-50,,
BV-FAB-BOMBACLA-003,Fábrica,Jugo Clarificado,Bomba Clarificado Sur,KSB ETA 150-50,,
BV-FAB-BOMBAJUG-001,Fábrica,Jugo Pesado,Bomba Jugo Pesado Este,KSB ETA 150-50,,
BV-FAB-BOMBAJUG-002,Fábrica,Jugo Pesado,Bomba Jugo Pesado Central,KSB ETA 150-50,,
BV-FAB-BOMBAJUG-003,Fábrica,Jugo Pesado,Bomba Jugo Pesado Oeste,KSB ETA 150-50,,
BV-FAB-BOMBASUL-001,Fábrica,Jugo Sulfoencalado,Bomba Sulfoencalado Este,KSB ETA 150-50,,
BV-FAB-BOMBASUL-002,Fábrica,Jugo Sulfoencalado,Bomba Sulfoencalado Oeste,BSI FVA 250-200-500,,
BV-FAB-BOMBASUL-003,Fábrica,Jugo Sulfoencalado,Bomba Sulfoencalado Central,BSI FVA 250-200-500,,
BV-FAB-SEMILLER-001,Fábrica,Laboratorio,Semillero,,,
BV-FAB-BOMBALAV-002,Fábrica,Lavado de Telas Filtro de Banda,Bomba Lavado de Telas Noreste,BSI RCT 50-315,,
BV-FAB-BOMBALAV-003,Fábrica,Lavado de Telas Filtro de Banda,Bomba Lavado de Telas Noroeste,KSB AMA 80-26,,
BV-FAB-BOMBALAV-004,Fábrica,Lavado de Telas Filtro de Banda,Bomba Lavado de Telas Suroeste,KSB AMA 80-26,,
BV-FAB-BOMBALAV-005,Fábrica,Lavado de Telas Filtro de Banda,Bomba Lavado de Telas Sureste,KSB 50-315,,
BV-FAB-BOMBADEM-001,Fábrica,Magma de Tercera,Bomba de Magma,,,
BV-FAB-BOMBANEM-007,Fábrica,Magma de Tercera,Bomba Nemo Magma,NM125SY01L07J,,
BV-FAB-BOMBANEM-008,Fábrica,Masa Cocida de Segunda,Bomba Nemo Masa Cocida 2da Este,NM148SY01L07Z,,
BV-FAB-BOMBANEM-009,Fábrica,Masa Cocida de Segunda,Bomba Nemo Masa Cocida 2da Oeste,NM148SY01L07Z,,
BV-FAB-BOMBANEM-010,Fábrica,Masa Cocida de Tercera,Bomba Nemo Masa Cocida 3ra,NM125SY01L07J,,
BV-FAB-BOMBANEM-011,Fábrica,Masa Cocida Primera,Bomba Nemo Masa Cocida 1ra Este,NM148SY01L07Z,,
BV-FAB-BOMBANEM-012,Fábrica,Masa Cocida Primera,Bomba Nemo Masa Cocida 1ra Oeste,NM148SY01L07Z,,
BV-FAB-ACOPLAMI-001,Fábrica,Mecánica General,Acoplamiento de Goma,,,
BV-FAB-ADHESIVO-001,Fábrica,Mecánica General,Adhesivos y Pegamentos,,,
BV-FAB-ELECTROD-001,Fábrica,Mecánica General,Electrodos,,,
BV-FAB-GOMABUNA-001,Fábrica,Mecánica General,Goma Buna,,,
BV-FAB-BOMBANEM-013,Fábrica,Melado Tratado,Bomba Nemo Floculante tratamiento de Melado (Norte),NM031BY01L06B,,
BV-FAB-MOVIMIEN-001,Fábrica,Miel de Tercera,Movimiento holla de jarabe (Este),,,
BV-FAB-REDUCTOR-001,Fábrica,Miel de Tercera,Reductor Gusano III,,,
BV-FAB-BOMBANEM-014,Fábrica,Miel Mixta de Segunda,Bomba Nemo Jarabe Este,NM090BY01L07J,,
BV-FAB-BOMBANEM-015,Fábrica,Miel Mixta de Segunda,Bomba Nemo Jarabe Oeste,NM090BY01L07J,,
BV-FAB-BOMBANEM-016,Fábrica,Miel Rica de 1ra,Bomba Nemo Miel Rica de 1ra Norte,NM090BY01L07J,,
BV-FAB-BOMBANEM-017,Fábrica,Miel Rica de 1ra,Bomba Nemo Miel Rica de 1ra Sur,NM090BY01L07J,,
BV-FAB-BOMBAMEL-001,Fábrica,Pulmón de Melado,Bomba Melado Norte,KSB MEGAFLOW 80-400,,
BV-FAB-BOMBAMEL-002,Fábrica,Pulmón de Melado,Bomba Melado Sur,KSB MEGAFLOW 80-400,,
BV-FAB-COMPRESO-001,Fábrica,Sala de Compresores,Compresor,Cetec ETR 800,,
BV-FAB-COMPRESO-002,Fábrica,Sala de Compresores,Compresor,Atlas Copco GA 37,,
BV-FAB-COMPRESO-003,Fábrica,Sala de Compresores,Compresor,TCG 469 TW,,
BV-FAB-COMPRESO-004,Fábrica,Sala de Compresores,Compresor,Catelo,,
BV-FAB-COMPRESO-005,Fábrica,Sala de Compresores,Compresores Varios,,,
BV-FAB-GUSANOAZ-001,Fábrica,Secadores,Gusano Azúcar Húmedo Sur-Este a Secador Sur,,,
BV-FAB-SECADORS-001,Fábrica,Secadores,Secador Sur,,,
BV-FAB-BOMBAMEL-003,Fábrica,Sello de Melado,Bomba Melado Tratado Este,KSB MEGAFLOW 80-400,,
BV-FAB-BOMBAMEL-004,Fábrica,Sello de Melado,Bomba Melado Tratado Oeste,KSB MEGAFLOW 80-400,,
BV-FAB-HORNODEA-001,Fábrica,Sulfitación,Horno de Azufre,,,
BV-FAB-AGITADOR-002,Fábrica,Tanque de Cachaza,Agitador Floculante Cachaza,,,
BV-FAB-BOMBANEM-018,Fábrica,Tanque de Melaza,Bomba Nemo Balanza de Melaza,NM105SY01L07J,,
BV-FAB-BOMBADES-001,Fábrica,Tanque de Soda Cáustica Exterior,Bomba de Soda Cáustica Sur,KSB Mega Norm 50-200,,
BV-FAB-BOMBADES-002,Fábrica,Tanque de Soda Cáustica Exterior,Bomba de Soda Cáustica Tanque Exterior,RUHRPUMPEN (SHR 001),,
BV-FAB-BOMBADES-003,Fábrica,Tanque de Soda Cáustica Interior,Bomba de Soda Cáustica Norte,KSB Mega Norm 50-200,,
BV-FAB-BOMBADES-004,Fábrica,Tanque de Soda Cáustica Interior,Bomba de Soda Cáustica Sur,KSB Mega Norm 50-200,,
BV-FAB-MIXERSUL-001,Fábrica,Tanque de Sulfoencalado,Mixer Sulfoencalado,,,
BV-FAB-BOMBADER-001,Fábrica,Miel Rica de Primera,Bomba de Recuperación de Producto Azucarado,WORTHINGTON,,
BV-FAB-BOMBADEO-001,Fábrica,Refundicón,Bomba de Olla de Refundición,KSB 80-33/2,,
BV-GEN-HERRAMIE-001,General,Herramientas,Herramienta de Mano,,,
BV-GEN-ACEITE-001,General,Lubricantes,Aceite,,,
BV-GEN-VARIOSGE-001,General,Mecánica General,Varios General,,,
BV-TAL-AMOLADOR-001,Taller,Taller,Amoladora de Banco Grande,,,
BV-TAL-AMOLADOR-002,Taller,Taller,Amoladora y Cortadora,,,
BV-TAL-SIERRAME-001,Taller,Taller,Sierra Mecánica,,,
BV-TRA-TURBINAT-001,Trapiche,1er. Molino,Turbina TGM,CPC,,
BV-TRA-REDUCTOR-001,Trapiche,1er. Molino,Reductor de Alta Flender,Tipo: SZNT - 360; Serie: 9189 - 20,,
BV-TRA-REDUCTOR-002,Trapiche,1er. Molino,Reductor de Alta Flender,Alternativo a adaptar REDUCTOR,,
BV-TRA-TURBINAT-002,Trapiche,1er. Molino,Turbina TGM,Servomotor,,
BV-TRA-TURBINAT-003,Trapiche,1er. Molino,Turbina TGM,TMFLEX 2000 - Año 2007 (OS 40732),,
BV-TRA-TURBINAT-004,Trapiche,2do. Molino,Turbina TGM,CPC,,
BV-TRA-REDUCTOR-003,Trapiche,2do. Molino,Reductor de Alta Flender,Tipo: SZNT - 360; Serie: 8883-10/01,,
BV-TRA-REDUCTOR-004,Trapiche,2do. Molino,Reductor de Alta Flender,Tipo: SZNT - 360; Serie: 9871-10,,
BV-TRA-SERVOMOT-001,Trapiche,2do. Molino,Servomotor,TMFLEX 2000 - Año 2007 (OS 40732),,
BV-TRA-TURBINAT-005,Trapiche,2do. Molino,Turbina TGM,TMFLEX 2000 - Año 2007 (OS 40732),,
BV-TRA-REGULADO-001,Trapiche,3er. Molino,Regulador,(U.G. 32; U.G. 40),,
BV-TRA-TURBINA-001,Trapiche,3er. Molino,Turbina,Turbodyne,,
BV-TRA-REGULADO-002,Trapiche,4to. Molino,Regulador,(U.G. 32; U.G. 40),,
BV-TRA-TURBINA-002,Trapiche,4to. Molino,Turbina,Turbodyne,,
BV-TRA-TURBINAT-006,Trapiche,5to. Molino,Turbina TGM,CPC,,
BV-TRA-REDUCTOR-005,Trapiche,5to. Molino,Reductor de Alta Flender,Tipo: SZNT - 360; Serie: 9871-10,,
BV-TRA-REDUCTOR-006,Trapiche,5to. Molino,Reductor de Alta Flender,Tipo: SZNT - 360; Serie: 9189-10,,
BV-TRA-SERVOMOT-002,Trapiche,5to. Molino,Servomotor,TMFLEX 2000 - Año 2007 (OS 40732),,
BV-TRA-TURBINAT-007,Trapiche,5to. Molino,Turbina TGM,TMFLEX 2000 - Año 2007 (OS 40732),,
BV-TRA-REDUCTOR-007,Trapiche,Cinta Rapida,Reductor,LENTAX TP 2000,,
BV-TRA-CATALINA-001,Trapiche,Conductora Principal,Catalina,Piñon,,
BV-TRA-BOMBADES-001,Trapiche,Desagote Sótano Trapiche,Bomba Desagote,BSI VLN,,
BV-TRA-BOMBADEJ-001,Trapiche,Jugo Mixto Sótano Trapiche,Bomba de Jugo Secundario Mixto Este,KSB KWKS 200-33,,
BV-TRA-BOMBADEJ-002,Trapiche,Jugo Mixto Sótano Trapiche,Bomba de Jugo Secundario Mixto Oeste,KSB KWKS 200-33,,
BV-TRA-BOMBADEJ-003,Trapiche,Jugo Primario Sótano Trapiche,Bomba de Jugo Primario Este,KSB KWKS 250-44,,
BV-TRA-BOMBADEJ-004,Trapiche,Jugo Primario Sótano Trapiche,Bomba de Jugo Primario Oeste,KSB KWKS 250-44,,
BV-TRA-BOMBADEJ-005,Trapiche,Jugo Primario Sótano Trapiche,Bomba de Jugo Primario Norte,KSB KWKS 250-44,,
BV-TRA-BOMBADEM-001,Trapiche,Maceración Sótano Trapiche,Bomba de Maceración Norte,KSB KWKS 150-30,,
BV-TRA-BOMBADEM-002,Trapiche,Maceración Sótano Trapiche,Bomba de Maceración Central,KSB KWKS 150-30,,
BV-TRA-BOMBADEM-003,Trapiche,Maceración Sótano Trapiche,Bomba de Maceración Sur,KSB KWKS 150-30,,
BV-TRA-BALANCIN-001,Trapiche,Tamiz Rotativo,Balancín,,,
BV-TRA-BALANCIN-002,Trapiche,Tamiz Rotativo,Balancín Reforzado,,,
BV-TRA-REDUCTOR-008,Trapiche,Tamiz Rotativo,Reductor Tamiz,,,
BV-TRA-BOMBAVIL-001,Trapiche,Toma Muestra de Laboratorio,Bomba Villa Zappa,(AA 0100),,
BV-TRA-REDUCTOR-009,Trapiche,Transportador Helicoidal (Gusano),Reductor Gusano Trapiche,,,
BV-USI-BOMBADER-001,Usina,Recuperación de Condensado,Bomba de Recuperación de Condensado Este,BSI FVA 200-150-400,,
BV-USI-BOMBADER-002,Usina,Recuperación de Condensado,Bomba de Recuperación de Condensado Oeste,BSI FVA 200-150-315,,
BV-USI-ACOPLEBO-001,Usina,Turbogenerador DEDINI,Acople Bomba Mecánica DEDINI,,,
BV-USI-BOMBAMEC-001,Usina,Turbogenerador DEDINI,Bomba Mecánica DEDINI,N° 316 9914 008; Serie: 024 484,,
BV-USI-REDUCCIO-001,Usina,Turbogenerador DEDINI,Reduccion - Bomba Mecánica DEDINI,,,
BV-USI-TURBINAD-001,Usina,Turbogenerador DEDINI,Turbina DEDINI,,,
BV-USI-TURBINAN-001,Usina,Turbogenerador NG,Turbina NG,,,
BV-USI-TURBINAN-002,Usina,Turbogenerador TGM,Turbina NG,CPC,,
BV-USI-TURBINAT-001,Usina,Turbogenerador TGM,Turbina TGM,TM 3000 - Año 2004 (OS 40435),,
